{"cameraMode":{"drawMode":0,"name":"Shaded","section":"Shading Mode"},"sceneLighting":true,"audioPlay":false,"sceneViewState":{"showFog":true,"showMaterialUpdate":false,"showSkybox":true,"showFlares":true,"showImageEffects":true,"showParticleSystems":true,"showVisualEffectGraphs":true,"m_FxEnabled":true},"in2DMode":false,"pivot":{"x":-0.423099160194397,"y":13.818585395812989,"z":-23.607952117919923},"rotation":{"x":0.29695382714271548,"y":-0.002583010122179985,"z":0.0008033225312829018,"w":0.9548959136009216},"size":8.069470405578614,"orthographic":false}